{
	"class_name" : "PinholeCameraParameters",
	"extrinsic" : 
	[
		-0.9637785031236179,
		-0.25995945151131461,
		-0.059599332938675927,
		0.0,
		0.26488312048182611,
		-0.95906047643459924,
		-0.10019947617053726,
		0.0,
		-0.031111563776336931,
		-0.11235695844484277,
		0.99318074109822274,
		0.0,
		-1.7342398152659126,
		3.1372538110861958,
		7.1822534115815957,
		1.0
	],
	"intrinsic" : 
	{
		"height" : 1055,
		"intrinsic_matrix" : 
		[
			913.65680099258282,
			0.0,
			0.0,
			0.0,
			913.65680099258282,
			0.0,
			959.5,
			527.0,
			1.0
		],
		"width" : 1920
	},
	"version_major" : 1,
	"version_minor" : 0
}