{
	"class_name" : "PinholeCameraParameters",
	"extrinsic" : 
	[
		0.92667510036885603,
		0.17364888624340866,
		-0.3333456504332919,
		0.0,
		0.049428908526849946,
		-0.93547906069007303,
		-0.34990814510705986,
		0.0,
		-0.37259903563779523,
		0.30777425382387447,
		-0.87546842737185127,
		0.0,
		-1.3409091574170406,
		1.6802283942440859,
		-1.4418159429403365,
		1.0
	],
	"intrinsic" : 
	{
		"height" : 1055,
		"intrinsic_matrix" : 
		[
			913.65680099258282,
			0.0,
			0.0,
			0.0,
			913.65680099258282,
			0.0,
			959.5,
			527.0,
			1.0
		],
		"width" : 1920
	},
	"version_major" : 1,
	"version_minor" : 0
}