{
	"class_name" : "PinholeCameraParameters",
	"extrinsic" : 
	[
		0.8881022732685373,
		0.31260824231427781,
		-0.33697246037685974,
		0.0,
		0.14260681535110037,
		-0.88433135838423871,
		-0.44454622346130052,
		0.0,
		-0.43696412716683469,
		0.34674794219355531,
		-0.82995675559264015,
		0.0,
		-1.3377444230240747,
		1.9249107163961887,
		-3.7513658188973356,
		1.0
	],
	"intrinsic" : 
	{
		"height" : 1055,
		"intrinsic_matrix" : 
		[
			913.65680099258282,
			0.0,
			0.0,
			0.0,
			913.65680099258282,
			0.0,
			959.5,
			527.0,
			1.0
		],
		"width" : 1920
	},
	"version_major" : 1,
	"version_minor" : 0
}