{
	"class_name" : "PinholeCameraParameters",
	"extrinsic" : 
	[
		0.68465159670793152,
		0.27831819385222223,
		-0.67364024085272456,
		0.0,
		0.19283388185752837,
		-0.96045886118216073,
		-0.20083294048642433,
		0.0,
		-0.70289919983809679,
		0.0075999307565081664,
		-0.71124887059274799,
		0.0,
		-3.3560257312770374,
		-0.043816067376586332,
		-1.9617119088783772,
		1.0
	],
	"intrinsic" : 
	{
		"height" : 1055,
		"intrinsic_matrix" : 
		[
			913.65680099258282,
			0.0,
			0.0,
			0.0,
			913.65680099258282,
			0.0,
			959.5,
			527.0,
			1.0
		],
		"width" : 1920
	},
	"version_major" : 1,
	"version_minor" : 0
}